WAVE,FLUX,ERR,SKYBACK
9350.466,7.2891246E-16,1.1038637E-17,6.650712E-17
9357.406,7.2477994E-16,1.1423988E-17,6.745051E-17
9364.347,7.3614013E-16,1.09358075E-17,6.3368077E-17
9371.287,7.9301067E-16,1.10416E-17,5.844564E-17
9378.228,8.078636E-16,1.1066933E-17,5.8276734E-17
9385.168,8.2428164E-16,1.0759469E-17,5.1431695E-17
9392.108,8.580824E-16,1.0637006E-17,4.9732544E-17
9399.049,8.6034486E-16,1.106669E-17,5.3840253E-17
9405.989,8.981481E-16,1.2300029E-17,5.5179392E-17
9412.931,8.7384927E-16,1.1191442E-17,5.0885226E-17
9419.871,8.254844E-16,1.1229778E-17,5.771903E-17
9426.812,8.751281E-16,1.1461111E-17,5.795229E-17
9433.752,8.8611965E-16,1.15400505E-17,5.8743846E-17
9440.692,8.5756845E-16,1.16837905E-17,5.325368E-17
9447.633,8.516701E-16,1.1069664E-17,5.4577046E-17
9454.573,8.2918374E-16,1.1272695E-17,5.7903047E-17
9461.514,8.4207807E-16,1.1013806E-17,5.926951E-17
9468.454,8.1883437E-16,1.0778032E-17,5.345412E-17
9475.395,8.135416E-16,1.0978826E-17,5.36483E-17
9482.335,7.7716845E-16,1.0720656E-17,5.727157E-17
9489.275,7.967408E-16,1.05016055E-17,6.0395534E-17
9496.216,8.0035836E-16,1.0685341E-17,5.4713938E-17
9503.156,7.0934E-16,9.954006E-18,5.1682635E-17
9510.098,7.5191115E-16,1.01806495E-17,4.991231E-17
9517.038,7.58752E-16,1.09204285E-17,5.1177135E-17
9523.979,8.118063E-16,1.0618026E-17,5.0967653E-17
9530.919,8.2634306E-16,1.0633045E-17,5.1935087E-17
9537.859,8.518968E-16,1.0908385E-17,5.004866E-17
9544.8,8.370214E-16,1.1036767E-17,5.205728E-17
9551.74,8.728859E-16,1.1107453E-17,5.356619E-17
9558.681,8.5819414E-16,1.0927534E-17,5.647516E-17
9565.621,8.711234E-16,1.0831873E-17,4.6556875E-17
9572.562,8.6401E-16,1.0767942E-17,4.656873E-17
9579.502,8.0584533E-16,1.01513085E-17,4.8157142E-17
9586.442,7.731737E-16,1.0209301E-17,4.4163044E-17
9593.383,8.0666394E-16,1.0139287E-17,4.6933775E-17
9600.323,7.6586114E-16,9.825383E-18,4.449379E-17
9607.264,7.965863E-16,9.804226E-18,4.660444E-17
9614.205,7.40528E-16,1.0492902E-17,4.5716476E-17
9621.1455,7.7138544E-16,9.612063E-18,4.3957304E-17
9628.086,7.872437E-16,9.720472E-18,4.4136653E-17
9635.026,7.735716E-16,9.66176E-18,4.4459376E-17
9641.967,8.0177386E-16,9.853731E-18,4.402685E-17
9648.907,8.097613E-16,9.862315E-18,4.0058177E-17
9655.848,7.994839E-16,9.533846E-18,4.2851413E-17
9662.788,8.2028873E-16,9.745748E-18,4.3707658E-17
9669.729,8.1091853E-16,9.8833235E-18,4.5171734E-17
9676.669,7.967143E-16,9.474235E-18,4.227917E-17
9683.609,8.116456E-16,9.39229E-18,4.442016E-17
9690.55,8.083918E-16,9.6443635E-18,4.2275348E-17
9697.49,8.116503E-16,9.395386E-18,4.0461397E-17
9704.431,7.97929E-16,9.39073E-18,4.431884E-17
9711.371,7.891863E-16,9.289058E-18,4.0079994E-17
9718.3125,8.2282856E-16,9.51896E-18,3.9764365E-17
9725.253,7.8486893E-16,9.0930244E-18,4.0146913E-17
9732.193,7.841656E-16,9.523222E-18,4.1285954E-17
9739.134,7.904794E-16,9.614552E-18,4.03953E-17
9746.074,7.784358E-16,9.011643E-18,4.02515E-17
9753.015,7.7726893E-16,9.3174766E-18,3.8610233E-17
9759.955,7.91202E-16,9.022518E-18,4.0170875E-17
9766.8955,7.9094793E-16,9.049681E-18,4.1098363E-17
9773.836,7.7887046E-16,9.789228E-18,4.3513522E-17
9780.776,8.1971444E-16,9.071447E-18,4.223261E-17
9787.717,7.775603E-16,9.044769E-18,4.0736164E-17
9794.657,8.0762437E-16,9.0675655E-18,3.9795626E-17
9801.598,7.6987656E-16,8.7402244E-18,4.1717977E-17
9808.538,7.8778045E-16,8.969113E-18,3.912721E-17
9815.4795,7.354172E-16,8.529732E-18,3.9089737E-17
9822.42,7.860683E-16,8.7221266E-18,3.8189774E-17
9829.36,8.074283E-16,8.989148E-18,3.3868083E-17
9836.301,7.487216E-16,8.54702E-18,3.7555535E-17
9843.241,7.734052E-16,8.781261E-18,3.7237094E-17
9850.182,7.579147E-16,8.517536E-18,3.962946E-17
9857.122,7.767322E-16,8.531061E-18,3.8421196E-17
9864.0625,7.9302253E-16,8.606615E-18,3.721151E-17
9871.003,7.725719E-16,8.868453E-18,3.7868137E-17
9877.943,7.806644E-16,8.565606E-18,3.74142E-17
9884.884,7.814254E-16,9.114361E-18,3.4764105E-17
9891.824,7.699817E-16,8.491955E-18,3.7345395E-17
9898.765,7.6605E-16,8.400728E-18,3.6143687E-17
9905.705,7.645995E-16,8.491191E-18,3.585903E-17
9912.6455,7.844986E-16,8.568476E-18,3.6620014E-17
9919.587,7.7608917E-16,8.6489906E-18,3.8316227E-17
9926.527,7.7529545E-16,8.48918E-18,3.950421E-17
9933.468,8.040904E-16,8.805394E-18,3.6526863E-17
9940.408,7.876144E-16,8.615314E-18,4.198509E-17
9947.349,7.362576E-16,8.341676E-18,4.0900514E-17
9954.289,7.834935E-16,8.539869E-18,3.903662E-17
9961.2295,7.977679E-16,8.5762764E-18,3.5729613E-17
9968.17,7.772995E-16,8.439547E-18,3.6639032E-17
9975.11,7.4921234E-16,8.349231E-18,3.3911348E-17
9982.051,7.3813474E-16,8.230426E-18,3.2537202E-17
9988.991,6.978607E-16,8.0220025E-18,3.6130118E-17
9995.932,7.1128665E-16,8.080299E-18,3.718034E-17
10002.872,7.283405E-16,8.145526E-18,3.7492563E-17
10009.8125,7.527175E-16,8.287103E-18,4.1067258E-17
10016.754,7.481618E-16,8.2773515E-18,3.782285E-17
10023.694,7.808067E-16,8.401488E-18,3.3861588E-17
10030.635,8.149137E-16,8.593637E-18,3.2724678E-17
10037.575,8.2029053E-16,8.702136E-18,3.4470512E-17
10044.516,8.4614235E-16,8.7942964E-18,3.4177723E-17
10051.456,8.4357335E-16,8.765532E-18,3.5010866E-17
10058.396,8.3018885E-16,8.860095E-18,3.066354E-17
10065.337,8.175281E-16,8.517154E-18,3.322774E-17
10072.277,8.0859486E-16,8.386891E-18,3.3364697E-17
10079.218,8.024375E-16,8.54813E-18,3.592531E-17
10086.158,8.515452E-16,8.467575E-18,3.7155666E-17
10093.099,8.449662E-16,8.627763E-18,3.6003033E-17
10100.039,7.931107E-16,8.668202E-18,3.4102532E-17
10106.9795,8.0031993E-16,8.439876E-18,3.5569742E-17
10113.92,7.9446127E-16,8.367724E-18,3.430531E-17
10120.861,7.9513783E-16,8.32479E-18,3.477805E-17
10127.802,7.893701E-16,8.248347E-18,3.353028E-17
10134.742,7.9859505E-16,8.24755E-18,3.322474E-17
10141.683,7.9015627E-16,8.242303E-18,3.4516358E-17
10148.623,7.54385E-16,8.112859E-18,3.6768903E-17
10155.563,7.733034E-16,8.243848E-18,3.405711E-17
10162.504,7.62876E-16,8.004118E-18,3.264653E-17
10169.444,7.68263E-16,8.044822E-18,3.5346586E-17
10176.385,7.4993984E-16,8.063508E-18,3.6444522E-17
10183.325,7.512755E-16,7.8942495E-18,3.17314E-17
10190.266,7.603273E-16,8.071824E-18,3.4015758E-17
10197.206,7.583208E-16,8.332964E-18,3.1600248E-17
10204.146,7.494851E-16,7.918215E-18,3.6232225E-17
10211.087,7.3262707E-16,7.929635E-18,3.712026E-17
10218.027,7.8090424E-16,8.003638E-18,3.4765107E-17
10224.969,7.463413E-16,7.895768E-18,3.3796476E-17
10231.909,7.473292E-16,8.411556E-18,2.9903314E-17
10238.85,7.099202E-16,7.7357244E-18,3.0052375E-17
10245.79,7.3997984E-16,8.40846E-18,2.9268214E-17
10252.73,6.8510497E-16,7.543848E-18,3.2192483E-17
10259.671,6.714335E-16,7.424056E-18,3.1411237E-17
10266.611,6.4659785E-16,7.336592E-18,3.8934508E-17
10273.552,6.6771284E-16,7.505194E-18,3.9758224E-17
10280.492,6.7648276E-16,7.5514E-18,4.4533032E-17
10287.433,6.860442E-16,7.507947E-18,3.978531E-17
10294.373,6.823531E-16,7.508009E-18,3.355659E-17
10301.313,6.9397314E-16,7.575568E-18,3.3399244E-17
10308.254,7.309762E-16,7.732535E-18,3.195048E-17
10315.194,7.3845333E-16,7.8236306E-18,2.8426624E-17
10322.136,7.471411E-16,7.754659E-18,3.0950008E-17
10329.076,7.6794156E-16,7.837567E-18,2.894478E-17
10336.017,7.927284E-16,7.962514E-18,2.9756486E-17
10342.957,7.654421E-16,8.175154E-18,2.9520448E-17
10349.897,7.8714687E-16,8.030497E-18,3.164337E-17
10356.838,7.546499E-16,7.9625704E-18,3.3708464E-17
10363.778,7.718325E-16,7.873844E-18,3.6264528E-17
10370.719,7.665664E-16,7.8805695E-18,3.4849298E-17
10377.659,7.6350343E-16,7.817707E-18,3.3545794E-17
10384.6,7.766786E-16,7.8500466E-18,3.1015445E-17
10391.54,7.371167E-16,7.861481E-18,3.3550598E-17
10398.48,7.3320993E-16,7.89682E-18,3.385944E-17
10405.421,7.255504E-16,7.538625E-18,3.219876E-17
10412.361,7.48992E-16,7.921337E-18,3.3676882E-17
10419.302,7.329475E-16,7.706213E-18,3.2892126E-17
10426.243,7.299571E-16,7.646998E-18,3.1327967E-17
10433.184,7.3091437E-16,7.720765E-18,2.918193E-17
10440.124,7.266141E-16,7.699977E-18,2.9783114E-17
10447.064,7.3953213E-16,7.696318E-18,3.0239685E-17
10454.005,7.332301E-16,7.704359E-18,3.0081776E-17
10460.945,7.19278E-16,7.602869E-18,3.087422E-17
10467.886,7.4830025E-16,7.6835525E-18,2.8583587E-17
10474.826,7.2692786E-16,7.587194E-18,2.8127572E-17
10481.767,7.2752623E-16,7.547507E-18,2.8037293E-17
10488.707,7.2888027E-16,7.7750155E-18,2.6268902E-17
10495.647,7.388411E-16,7.851025E-18,2.5734993E-17
10502.588,7.283768E-16,7.59319E-18,2.549376E-17
10509.528,7.3545023E-16,7.975153E-18,2.7092008E-17
10516.469,7.33078E-16,7.86141E-18,2.866584E-17
10523.41,7.174153E-16,7.644192E-18,2.7044443E-17
10530.351,7.1384003E-16,7.511281E-18,2.7799608E-17
10537.291,6.8418954E-16,7.393459E-18,2.5738423E-17
10544.231,6.7885805E-16,7.332166E-18,2.4103007E-17
10551.172,6.771939E-16,7.303646E-18,2.6534654E-17
10558.112,6.5980923E-16,7.230908E-18,2.4644753E-17
10565.053,6.5368794E-16,7.890828E-18,2.4128721E-17
10571.993,6.0475077E-16,6.874441E-18,2.5909E-17
10578.934,5.61614E-16,6.6638084E-18,2.776238E-17
10585.874,5.185835E-16,6.6063536E-18,2.6101957E-17
10592.814,5.1445435E-16,6.3629963E-18,2.5743199E-17
10599.755,4.7953235E-16,6.1029067E-18,2.4074003E-17
10606.695,4.3682156E-16,5.8798256E-18,2.719209E-17
10613.636,4.2718198E-16,5.799007E-18,2.4031643E-17
10620.576,4.0368817E-16,5.5743122E-18,2.5849998E-17
10627.518,4.189042E-16,5.6548606E-18,2.4584116E-17
10634.458,4.294643E-16,5.815312E-18,2.4541539E-17
10641.398,4.6704634E-16,6.0891147E-18,2.39101E-17
10648.339,5.0763087E-16,6.2702586E-18,2.3817081E-17
10655.279,5.5374996E-16,6.508367E-18,2.5089981E-17
10662.22,5.9087975E-16,6.7857716E-18,2.4005001E-17
10669.16,5.989354E-16,6.8412523E-18,2.453558E-17
10676.101,6.1976765E-16,6.7755443E-18,2.464831E-17
10683.041,6.589389E-16,7.2720095E-18,2.6365851E-17
10689.981,6.9182125E-16,7.254218E-18,2.683996E-17
10696.922,7.2478513E-16,7.388507E-18,2.7216201E-17
10703.862,7.0626396E-16,7.1970686E-18,2.7475694E-17
10710.803,7.301471E-16,7.400997E-18,2.6902203E-17
10717.743,7.703117E-16,7.40752E-18,2.9761575E-17
10724.684,7.5999994E-16,7.445327E-18,3.165416E-17
10731.625,7.439186E-16,7.531751E-18,3.1402317E-17
10738.565,7.5670133E-16,7.4004185E-18,3.0840284E-17
10745.506,7.56119E-16,7.385449E-18,2.8936293E-17
10752.446,7.4005793E-16,7.322997E-18,2.8598297E-17
10759.387,7.4131503E-16,7.223479E-18,2.7381323E-17
10766.327,7.4382087E-16,7.364357E-18,2.4805196E-17
10773.268,7.337416E-16,7.170198E-18,2.2548679E-17
10780.208,7.2866915E-16,7.222587E-18,2.2452914E-17
10787.148,7.310119E-16,7.3398614E-18,2.3353855E-17
10794.089,7.3086667E-16,7.296605E-18,2.2443774E-17
10801.029,7.2070397E-16,7.15483E-18,2.22834E-17
10807.97,7.2001146E-16,7.2203214E-18,2.6500799E-17
10814.91,7.000677E-16,7.038227E-18,3.13212E-17
10821.851,6.914745E-16,7.008935E-18,3.4603847E-17
10828.792,7.321507E-16,7.1929955E-18,3.5881692E-17
10835.732,7.1953183E-16,7.2645954E-18,3.599623E-17
10842.673,6.8418335E-16,6.9117107E-18,3.0376564E-17
10849.613,6.3894416E-16,6.7220655E-18,2.5219157E-17
10856.554,6.514906E-16,6.9211984E-18,2.5611732E-17
10863.494,6.23103E-16,6.6660087E-18,2.2690287E-17
10870.435,6.525936E-16,6.7256203E-18,2.2589307E-17
10877.375,6.3752724E-16,6.963318E-18,2.2485906E-17
10884.315,6.1814077E-16,6.6841438E-18,2.4287259E-17
10891.256,6.368533E-16,6.6912166E-18,2.394507E-17
10898.196,6.903053E-16,6.8682614E-18,2.53863E-17
10905.137,7.216833E-16,7.16332E-18,2.9131862E-17
10912.077,7.5173655E-16,7.2402184E-18,2.7814812E-17
10919.018,7.895601E-16,7.4555054E-18,3.035943E-17
10925.958,8.1083446E-16,7.565108E-18,2.7166985E-17
10932.899,8.1442636E-16,7.5093234E-18,2.7063311E-17
10939.84,8.336839E-16,7.594851E-18,2.57475E-17
10946.78,8.555011E-16,7.918121E-18,2.6540734E-17
10953.721,8.420206E-16,7.669809E-18,2.8257304E-17
10960.661,8.1766076E-16,7.540947E-18,3.110493E-17
10967.602,8.2583087E-16,7.54082E-18,3.133271E-17
10974.542,8.2436216E-16,7.602745E-18,2.8346103E-17
10981.482,8.427027E-16,7.612358E-18,2.5615466E-17
10988.423,8.169745E-16,7.5914526E-18,2.3249162E-17
10995.363,7.7646166E-16,7.422723E-18,2.3336568E-17
11002.304,7.623555E-16,7.3520425E-18,2.5466385E-17
11009.244,7.7642174E-16,7.4165436E-18,2.5936584E-17
11016.185,7.6049323E-16,7.3115495E-18,2.7578147E-17
11023.125,7.461144E-16,7.253335E-18,2.613317E-17
11030.065,7.159712E-16,7.009253E-18,2.4220419E-17
11037.007,7.196177E-16,7.09026E-18,2.3731157E-17
11043.947,7.1758455E-16,7.10745E-18,2.0239591E-17
11050.888,7.2861854E-16,7.170872E-18,2.120197E-17
11057.828,7.0944753E-16,7.096043E-18,2.2024336E-17
11064.769,6.965961E-16,6.977389E-18,2.288982E-17
11071.709,6.8763093E-16,6.8789717E-18,2.2398504E-17
11078.649,6.897366E-16,6.867821E-18,2.2707446E-17
11085.59,6.9918377E-16,6.996936E-18,2.3650798E-17
11092.53,6.988572E-16,6.9407294E-18,2.1932664E-17
11099.471,6.893363E-16,6.9367337E-18,2.0083394E-17
11106.411,6.800774E-16,7.142445E-18,2.1112028E-17
11113.352,6.7697594E-16,6.934405E-18,2.0483842E-17
11120.292,6.8162816E-16,7.045726E-18,2.1090088E-17
11127.232,6.5621405E-16,6.9986205E-18,2.2100795E-17
11134.174,6.4824956E-16,7.140124E-18,2.1996041E-17
11141.114,6.583657E-16,7.167949E-18,2.2465603E-17
11148.055,6.5345876E-16,7.230416E-18,2.2480296E-17
11154.995,6.678206E-16,7.623707E-18,2.2735307E-17
11161.936,6.651915E-16,7.754788E-18,2.5392317E-17
11168.876,6.335452E-16,7.6685474E-18,2.3178942E-17
11175.816,6.539935E-16,7.592557E-18,2.3822165E-17
11182.757,6.473845E-16,7.559783E-18,2.456397E-17
11189.697,6.4917595E-16,7.94831E-18,2.3671141E-17
11196.638,6.3870043E-16,7.595556E-18,2.3581444E-17
11203.578,6.5009276E-16,7.464542E-18,2.424794E-17
11210.519,6.437273E-16,7.721077E-18,2.5748566E-17
11217.459,6.1340787E-16,7.968347E-18,2.5895804E-17
11224.399,5.886248E-16,7.782008E-18,2.7371984E-17
11231.34,6.006509E-16,7.542008E-18,2.4554536E-17
11238.281,5.9027667E-16,7.5142915E-18,2.6148475E-17
11245.222,6.115129E-16,7.511527E-18,2.2649671E-17
11252.162,5.932896E-16,7.757789E-18,2.6171078E-17
11259.103,5.7964524E-16,7.664666E-18,2.5374071E-17
11266.043,5.951896E-16,7.28592E-18,2.3266754E-17
11272.983,6.132861E-16,7.6169926E-18,2.6761488E-17
11279.924,6.111296E-16,7.717443E-18,2.8329384E-17
11286.864,6.243953E-16,7.614195E-18,3.0080972E-17
11293.805,6.18012E-16,7.306171E-18,2.8732317E-17
11300.745,6.1471987E-16,7.114855E-18,2.9021238E-17
11307.686,6.393159E-16,7.140806E-18,2.866213E-17
11314.626,6.5435286E-16,6.9442516E-18,2.775887E-17
11321.566,6.2191287E-16,7.025991E-18,2.814325E-17
11328.507,6.2950626E-16,7.366699E-18,3.0405687E-17
11335.448,6.4843564E-16,8.19212E-18,3.294501E-17
11342.389,6.040187E-16,8.446049E-18,3.985393E-17
11349.329,6.2919296E-16,8.2007025E-18,3.6107542E-17
11356.27,6.0940357E-16,7.3426656E-18,2.5623819E-17
11363.21,6.2454026E-16,6.929256E-18,2.1827602E-17
11370.15,6.213037E-16,6.7159567E-18,2.1217211E-17
11377.091,6.1328563E-16,6.675443E-18,1.986424E-17
11384.031,6.141527E-16,6.6864185E-18,1.9563492E-17
11390.972,6.430532E-16,6.814165E-18,1.8977765E-17
11397.912,6.2971913E-16,6.777428E-18,1.9137307E-17
11404.853,6.279296E-16,6.891972E-18,1.9690922E-17
11411.793,6.2741694E-16,6.9309658E-18,2.4225935E-17
11418.733,6.1560237E-16,6.6722096E-18,3.0105334E-17
11425.674,6.226007E-16,6.962231E-18,3.727027E-17
11432.614,6.0468173E-16,6.697007E-18,4.2930187E-17
11439.556,6.179973E-16,7.100175E-18,4.1351612E-17
11446.496,6.225975E-16,7.10322E-18,3.6886938E-17
11453.437,6.1876233E-16,7.204571E-18,3.216844E-17
11460.377,6.1097445E-16,7.2718465E-18,2.803989E-17
11467.317,6.188536E-16,7.203008E-18,2.5125628E-17
11474.258,6.104852E-16,7.021263E-18,2.2770381E-17
11481.198,6.06722E-16,6.8991425E-18,2.1936077E-17
11488.139,6.2188375E-16,6.985905E-18,2.3128216E-17
11495.079,5.9979446E-16,6.875903E-18,2.3339996E-17
11502.02,6.003195E-16,6.7897363E-18,2.1718568E-17
11508.96,6.313903E-16,6.8204458E-18,2.1649275E-17
11515.9,5.846081E-16,6.750199E-18,2.7741434E-17
11522.841,6.0761247E-16,6.8858385E-18,3.1431517E-17
11529.781,6.1265427E-16,6.8122385E-18,3.2795944E-17
11536.722,5.959549E-16,6.8844054E-18,2.811004E-17
11543.663,6.06687E-16,6.616433E-18,2.6912384E-17
11550.604,6.182098E-16,6.711686E-18,2.6085142E-17
11557.544,6.005048E-16,6.4377416E-18,2.4549513E-17
11564.484,5.9685367E-16,6.3719435E-18,2.3240779E-17
11571.425,6.1522576E-16,6.3883E-18,2.8593265E-17
11578.365,6.0543586E-16,6.362162E-18,3.0525284E-17
11585.306,6.0250343E-16,6.459696E-18,3.169987E-17
11592.246,5.985074E-16,6.4302945E-18,2.920901E-17
11599.187,5.880943E-16,6.3166345E-18,2.4848135E-17
11606.127,5.9656594E-16,6.2099513E-18,2.3178231E-17
11613.067,5.8181825E-16,6.213506E-18,2.4668526E-17
11620.008,5.850975E-16,6.0438956E-18,2.4647208E-17
11626.948,5.891277E-16,6.0179185E-18,2.325346E-17
11633.889,5.926808E-16,6.138857E-18,2.3436432E-17
11640.83,6.0672573E-16,6.1454937E-18,2.8298735E-17
11647.7705,5.942943E-16,6.1186116E-18,2.58621E-17
11654.711,5.939201E-16,6.0741258E-18,2.0983235E-17
11661.651,5.858453E-16,6.0661294E-18,2.1357825E-17
11668.592,5.9046084E-16,6.05994E-18,1.9152646E-17
11675.532,5.8294343E-16,6.0872895E-18,1.8944691E-17
11682.473,5.7479216E-16,5.98388E-18,1.9936621E-17
11689.413,5.763816E-16,5.9594116E-18,2.1268023E-17
11696.354,5.6552276E-16,5.8555305E-18,2.2281944E-17
11703.294,5.60854E-16,5.8514455E-18,2.317154E-17
11710.234,5.6550064E-16,5.852832E-18,2.2410538E-17
11717.175,5.7054493E-16,5.8733496E-18,2.110898E-17
11724.115,5.734687E-16,5.9158485E-18,2.0871616E-17
11731.056,5.7354173E-16,5.9254632E-18,1.8323331E-17
11737.996,5.9481735E-16,6.0214377E-18,1.8581815E-17
11744.9375,5.851229E-16,5.971787E-18,1.9589941E-17
11751.878,5.7656707E-16,5.926268E-18,1.9562223E-17
11758.818,5.72315E-16,5.82433E-18,2.0568951E-17
11765.759,5.438465E-16,5.764506E-18,2.0008857E-17
11772.699,5.2771826E-16,5.638583E-18,2.036707E-17
11779.64,5.1976705E-16,5.5933175E-18,2.2037481E-17
11786.58,5.2399417E-16,5.624675E-18,2.0918011E-17
11793.5205,5.4645214E-16,5.7155575E-18,1.9590183E-17
11800.461,5.565082E-16,5.7612596E-18,2.0108764E-17
11807.401,5.568768E-16,5.800219E-18,1.9301509E-17
11814.342,5.6222055E-16,6.0253904E-18,1.8368047E-17
11821.282,5.6862984E-16,5.915555E-18,1.982476E-17
11828.223,5.9119956E-16,6.098455E-18,2.0265697E-17
11835.163,5.837796E-16,5.970889E-18,1.8116885E-17
11842.1045,5.7681594E-16,5.881516E-18,1.9944977E-17
11849.045,5.949768E-16,5.9411747E-18,2.0087446E-17
11855.985,6.0079883E-16,5.942973E-18,1.8310078E-17
11862.926,5.8480446E-16,5.936165E-18,1.938826E-17
11869.866,5.8089234E-16,5.9701413E-18,1.941771E-17
11876.807,5.7141467E-16,5.8364793E-18,2.1745822E-17
11883.747,5.5564673E-16,5.8479117E-18,2.1415314E-17
11890.6875,5.581156E-16,5.8428142E-18,2.2875127E-17
11897.628,5.517351E-16,5.7406397E-18,2.4820034E-17
11904.568,5.647263E-16,5.9138116E-18,1.9533604E-17
11911.509,5.581084E-16,5.815811E-18,2.0038268E-17
11918.449,5.552093E-16,5.7452797E-18,2.2406152E-17
11925.39,5.7851085E-16,5.8948414E-18,2.1123056E-17
11932.33,5.7502515E-16,5.8486587E-18,1.9755892E-17
11939.2705,5.89401E-16,5.9002346E-18,2.2090274E-17
11946.212,5.987063E-16,5.942226E-18,2.373091E-17
11953.152,5.856689E-16,5.94834E-18,2.3433837E-17
11960.093,5.889013E-16,5.8900123E-18,2.6212429E-17
11967.033,5.816344E-16,5.799375E-18,2.620069E-17
11973.974,5.7620486E-16,5.8184898E-18,2.9118508E-17
11980.914,6.0591184E-16,6.089835E-18,3.0292952E-17
11987.8545,6.031746E-16,6.1320698E-18,3.154658E-17
11994.795,5.9537686E-16,5.9763613E-18,3.1168427E-17
12001.735,5.824324E-16,5.8555946E-18,3.2454795E-17
12008.676,5.845527E-16,5.8786254E-18,3.2518495E-17
12015.616,6.038004E-16,5.9624825E-18,3.20512E-17
12022.557,6.152486E-16,6.0220287E-18,3.1649733E-17
12029.497,5.910089E-16,6.0250053E-18,3.2892112E-17
12036.4375,5.8335254E-16,5.9973882E-18,3.1835753E-17
12043.378,5.814662E-16,5.8816475E-18,2.483605E-17
12050.319,5.651318E-16,5.7113273E-18,2.4505838E-17
12057.26,5.8153767E-16,5.8298734E-18,2.2107006E-17
12064.2,5.5883417E-16,5.6879404E-18,2.2626252E-17
12071.141,5.6433374E-16,5.746632E-18,2.2095066E-17
12078.081,5.674303E-16,5.760051E-18,1.9779897E-17
12085.021,5.826688E-16,5.851057E-18,2.1903863E-17
12091.962,5.822731E-16,5.804537E-18,2.3913517E-17
12098.902,5.6498733E-16,5.7255817E-18,2.9799698E-17
12105.843,5.7036684E-16,5.9280076E-18,3.5624965E-17
12112.783,5.7962364E-16,5.931313E-18,3.87199E-17
12119.724,5.6024067E-16,5.7653455E-18,4.019478E-17
12126.664,5.685509E-16,5.78611E-18,3.675549E-17
12133.6045,5.6992744E-16,5.729022E-18,3.0033796E-17
12140.545,5.663026E-16,5.8259137E-18,2.9632445E-17
12147.486,5.502682E-16,5.614555E-18,2.4060178E-17
12154.427,5.7610237E-16,5.785513E-18,2.409478E-17
12161.367,5.470762E-16,5.6014417E-18,2.2863153E-17
12168.308,5.5049847E-16,5.7355827E-18,2.4621448E-17
12175.248,5.657147E-16,5.7687034E-18,2.4643868E-17
12182.188,5.5916954E-16,5.712904E-18,2.673949E-17
12189.129,5.613935E-16,5.7163644E-18,2.5142171E-17
12196.069,5.619917E-16,5.669827E-18,2.3635407E-17
12203.01,5.640859E-16,5.657453E-18,2.5655442E-17
12209.95,5.5586643E-16,5.635116E-18,2.8168726E-17
12216.891,5.589377E-16,5.681316E-18,2.920628E-17
12223.831,5.6713684E-16,5.6542688E-18,2.8156824E-17
12230.771,5.6187973E-16,5.782747E-18,2.9467532E-17
12237.712,5.5090785E-16,5.596781E-18,2.7417729E-17
12244.652,5.4436955E-16,5.5650888E-18,2.4933801E-17
12251.594,5.548478E-16,5.5613487E-18,2.1221292E-17
12258.534,5.4642334E-16,5.539946E-18,2.4319434E-17
12265.475,5.4966943E-16,5.721884E-18,2.7803317E-17
12272.415,5.4937053E-16,5.6647797E-18,2.9810342E-17
12279.355,5.447921E-16,5.5449804E-18,3.147511E-17
12286.296,5.638537E-16,5.601374E-18,2.594904E-17
12293.236,5.541116E-16,5.5563132E-18,2.6260122E-17
12300.177,5.381713E-16,5.46044E-18,2.4329547E-17
12307.117,5.55834E-16,5.5536853E-18,2.2261773E-17
12314.058,5.444366E-16,5.485857E-18,2.2954532E-17
12320.998,5.442601E-16,5.4545204E-18,2.3332586E-17
12327.938,5.422458E-16,5.4832814E-18,2.5260705E-17
12334.879,5.484762E-16,5.575703E-18,2.5116026E-17
12341.819,5.470021E-16,5.4669256E-18,2.8055525E-17
12348.76,5.432739E-16,5.4979862E-18,2.7210586E-17
12355.701,5.356366E-16,5.420347E-18,2.3471682E-17
12362.642,5.4664314E-16,5.454117E-18,2.1842126E-17
12369.582,5.4141197E-16,5.4328586E-18,2.240035E-17
12376.522,5.434384E-16,5.432629E-18,1.8813986E-17
12383.463,5.3818965E-16,5.4320446E-18,1.9348195E-17
12390.403,5.3674927E-16,5.481016E-18,2.2269064E-17
12397.344,5.4153744E-16,5.46535E-18,2.1670357E-17
12404.284,5.4079385E-16,5.458793E-18,2.2396762E-17
12411.225,5.320582E-16,5.42791E-18,2.4180044E-17
12418.165,5.274308E-16,5.35874E-18,2.2116171E-17
12425.105,5.301227E-16,5.4536907E-18,2.1844642E-17
12432.046,5.351601E-16,5.4709937E-18,1.9727528E-17
12438.986,5.36613E-16,5.4137834E-18,2.0511202E-17
12445.927,5.352987E-16,5.3843068E-18,1.9121947E-17
12452.868,5.338806E-16,5.3880374E-18,1.951503E-17
12459.809,5.375413E-16,5.3987494E-18,1.9303459E-17
12466.749,5.268754E-16,5.4777273E-18,1.8045332E-17
12473.689,5.324521E-16,5.3955076E-18,1.949095E-17
12480.63,5.2004726E-16,5.3607383E-18,2.0950465E-17
12487.57,5.297063E-16,5.4098625E-18,2.1659283E-17
12494.511,5.2405727E-16,5.33383E-18,2.0581994E-17
12501.451,5.326949E-16,5.4226946E-18,1.982562E-17
12508.392,5.303831E-16,5.4457274E-18,1.9353766E-17
12515.332,5.1107194E-16,5.2764106E-18,1.8308576E-17
12522.272,5.1095E-16,5.2872433E-18,1.9672233E-17
12529.213,5.1656775E-16,5.397025E-18,1.7868857E-17
12536.153,5.127625E-16,5.3238238E-18,1.7667595E-17
12543.094,5.109096E-16,5.3232737E-18,1.8013831E-17
12550.034,5.0935283E-16,5.292302E-18,1.7450174E-17
12556.976,5.1244154E-16,5.3554767E-18,1.902316E-17
12563.916,5.4050596E-16,5.4873325E-18,1.9576612E-17
12570.856,5.226021E-16,6.2269135E-18,1.9702046E-17
12577.797,5.3131926E-16,7.143013E-18,2.1632803E-17
12584.737,5.609932E-16,7.278442E-18,2.0665825E-17
12591.678,5.1043084E-16,5.9861957E-18,2.11452E-17
12598.618,5.575511E-16,6.5776877E-18,2.3500785E-17
12605.559,5.313343E-16,5.6965393E-18,2.2635907E-17
12612.499,5.353529E-16,5.9136168E-18,2.3316787E-17
12619.439,5.317927E-16,5.736485E-18,2.2647957E-17
12626.38,5.3925013E-16,5.758159E-18,2.1904358E-17
12633.32,5.414458E-16,5.8300608E-18,2.3406879E-17
12640.261,5.378107E-16,5.8161095E-18,2.450621E-17
12647.201,5.359544E-16,5.8557414E-18,2.456797E-17
12654.143,5.386356E-16,5.9347024E-18,2.4300821E-17
12661.083,5.1567043E-16,5.743748E-18,2.879025E-17
12668.023,5.2995146E-16,5.836176E-18,3.246137E-17
12674.964,5.4509265E-16,6.114872E-18,3.7303043E-17
12681.904,4.9814844E-16,5.6944904E-18,4.0644075E-17
12688.845,5.38912E-16,6.224405E-18,4.0209124E-17
12695.785,5.359298E-16,6.064752E-18,3.5440504E-17
12702.726,5.2602895E-16,5.7586544E-18,3.1129798E-17
12709.666,5.1732945E-16,5.6806964E-18,2.7200837E-17
12716.606,5.095978E-16,5.5800984E-18,2.7549254E-17
12723.547,4.955991E-16,5.484847E-18,3.0096897E-17
12730.487,4.751124E-16,5.4555585E-18,3.0544008E-17
12737.428,4.6678233E-16,5.1965136E-18,3.305714E-17
12744.368,4.513584E-16,5.1777557E-18,3.200565E-17
12751.309,4.626054E-16,5.173103E-18,3.7103838E-17
12758.25,4.8630104E-16,5.2565384E-18,4.011205E-17
12765.19,5.3984014E-16,5.638741E-18,4.0398442E-17
12772.131,5.3834873E-16,5.4021722E-18,3.6653432E-17
12779.071,5.747994E-16,5.5743867E-18,3.5519215E-17
12786.012,5.7517005E-16,5.6518187E-18,3.516545E-17
12792.952,5.959989E-16,5.7342344E-18,3.2108008E-17
12799.893,6.675744E-16,6.2975456E-18,3.3795576E-17
12806.833,6.2924325E-16,5.8732917E-18,2.8238904E-17
12813.773,6.486685E-16,5.958369E-18,2.6815334E-17
12820.714,6.748459E-16,6.1475133E-18,2.460481E-17
12827.654,6.764163E-16,6.08283E-18,2.2268584E-17
12834.595,6.8158444E-16,6.0543516E-18,2.2574288E-17
12841.535,6.632732E-16,5.9675295E-18,2.0239751E-17
12848.476,6.559509E-16,5.8754035E-18,1.9321047E-17
12855.416,6.805911E-16,5.996278E-18,1.8685194E-17
12862.357,6.4456926E-16,5.876646E-18,1.9762976E-17
12869.298,6.526982E-16,5.9235297E-18,2.064041E-17
12876.238,6.449531E-16,5.8790055E-18,2.1772373E-17
12883.179,6.2156035E-16,5.8297456E-18,2.9844124E-17
12890.119,6.289898E-16,5.795092E-18,3.8050424E-17
12897.06,6.159055E-16,6.3351546E-18,4.6708762E-17
12904.0,6.1335064E-16,5.717026E-18,4.1885624E-17
12910.94,5.989846E-16,5.6740136E-18,3.7211167E-17
12917.881,5.715333E-16,5.6605508E-18,3.1870124E-17
12924.821,5.6394157E-16,5.494368E-18,2.413075E-17
12931.762,5.352129E-16,5.389012E-18,2.1924303E-17
12938.702,5.4460026E-16,5.406725E-18,2.1642105E-17
12945.643,5.3030213E-16,5.3842286E-18,2.0145727E-17
12952.583,5.3351916E-16,5.3831483E-18,1.923637E-17
12959.524,5.356022E-16,5.376004E-18,2.110423E-17
12966.465,5.331141E-16,5.409798E-18,2.1727517E-17
12973.405,5.1636865E-16,5.332186E-18,2.2305221E-17
12980.346,5.029671E-16,5.230602E-18,2.298472E-17
12987.286,5.004891E-16,5.3130274E-18,2.0820667E-17
12994.227,4.9837815E-16,5.1929886E-18,2.265354E-17
13001.167,5.0629605E-16,5.284797E-18,2.8011926E-17
13008.107,5.124627E-16,5.3448755E-18,3.028481E-17
13015.048,5.0051283E-16,5.378081E-18,3.20471E-17
13021.988,4.927856E-16,5.1896766E-18,3.2541983E-17
13028.929,4.973122E-16,5.2898324E-18,2.9053538E-17
13035.869,5.099449E-16,5.265753E-18,2.6991137E-17
13042.81,5.0068684E-16,5.214649E-18,2.7650674E-17
13049.75,4.789197E-16,5.1236163E-18,2.4666346E-17
13056.69,4.712228E-16,5.1839955E-18,2.5978092E-17
13063.632,4.983021E-16,5.2536267E-18,3.1804082E-17
13070.572,4.91095E-16,5.206279E-18,3.467849E-17
13077.513,4.947004E-16,5.283157E-18,3.465256E-17
13084.453,4.871497E-16,5.221671E-18,3.3173397E-17
13091.394,4.837711E-16,5.1549325E-18,2.7403385E-17
13098.334,4.851617E-16,5.2383673E-18,2.7811933E-17
13105.274,4.715482E-16,5.1276223E-18,2.2526358E-17
13112.215,4.732056E-16,5.0903603E-18,2.384332E-17
13119.155,4.832468E-16,5.2258215E-18,2.4989024E-17
13126.096,4.832422E-16,5.212131E-18,2.629533E-17
13133.036,4.936347E-16,5.2624122E-18,2.8329692E-17
13139.977,4.7495737E-16,5.2173817E-18,3.0466296E-17
13146.917,4.828229E-16,5.23319E-18,3.006933E-17
13153.857,4.794084E-16,5.1503367E-18,2.8902233E-17
13160.799,4.7155055E-16,5.1600714E-18,2.6074053E-17
13167.739,4.73652E-16,5.0966977E-18,2.3532365E-17
13174.68,4.600298E-16,5.0745045E-18,2.0825185E-17
13181.62,4.8139805E-16,5.2049583E-18,2.0484168E-17
13188.561,4.535691E-16,5.1255746E-18,2.1277651E-17
13195.501,4.4626894E-16,5.1225467E-18,2.247628E-17
13202.441,4.83457E-16,5.2337665E-18,2.4713788E-17
13209.382,4.7315986E-16,5.194339E-18,2.6428991E-17
13216.322,4.6191957E-16,5.1292262E-18,2.667583E-17
13223.263,4.624587E-16,5.1013817E-18,2.7823646E-17
13230.203,4.7557687E-16,5.1815326E-18,2.9696644E-17
13237.144,4.6875084E-16,5.146177E-18,2.5483842E-17
13244.084,4.648827E-16,5.0687113E-18,2.3214455E-17
13251.024,4.652383E-16,5.1352253E-18,2.1857344E-17
13257.965,4.579267E-16,5.0807737E-18,2.0645833E-17
13264.906,4.678888E-16,5.1066074E-18,2.113195E-17
13271.847,4.583669E-16,5.1497924E-18,2.1317808E-17
13278.787,4.6244955E-16,5.1709877E-18,2.1346718E-17
13285.728,4.5599023E-16,5.2333645E-18,2.2256391E-17
13292.668,4.510758E-16,5.1726648E-18,2.3165363E-17
13299.608,4.5614376E-16,5.1800606E-18,2.2124107E-17
13306.549,4.4791875E-16,5.222977E-18,2.3945833E-17
13313.489,4.3310444E-16,5.200296E-18,2.6201627E-17
13320.43,4.461845E-16,5.2982436E-18,2.4540834E-17
13327.37,4.786736E-16,5.3844396E-18,2.37732E-17
13334.311,4.591749E-16,5.237664E-18,2.243608E-17
13341.251,4.623351E-16,5.2627687E-18,2.2052718E-17
13348.191,4.619889E-16,5.2425553E-18,2.3053466E-17
13355.132,4.4159517E-16,5.2331544E-18,2.0490476E-17
13362.072,4.404083E-16,5.3607106E-18,1.9195077E-17
13369.014,4.4674016E-16,5.3877677E-18,2.1034422E-17
13375.954,4.5136925E-16,5.15762E-18,1.9812559E-17
13382.895,4.5689005E-16,5.338848E-18,2.0276248E-17
13389.835,4.5558196E-16,5.1980145E-18,2.1958932E-17
13396.775,4.49632E-16,5.4083827E-18,2.1352541E-17
13403.716,4.505394E-16,5.2539394E-18,2.3042884E-17
13410.656,4.49241E-16,5.2814804E-18,2.3003155E-17
13417.597,4.434108E-16,5.158779E-18,2.3120454E-17
13424.537,4.4290268E-16,5.1355864E-18,2.5699352E-17
13431.478,4.526411E-16,5.2841646E-18,3.012267E-17
13438.418,4.3878604E-16,5.406449E-18,2.3384364E-17
13445.358,4.4162572E-16,5.5345335E-18,2.2765167E-17
13452.299,4.4176416E-16,5.5425853E-18,2.360062E-17
13459.239,4.455285E-16,5.6191355E-18,2.1015743E-17
13466.181,4.4994994E-16,5.8017158E-18,2.34466E-17
13473.121,4.2034148E-16,6.040064E-18,2.606301E-17
13480.062,4.1928925E-16,6.2608436E-18,2.6187488E-17
13487.002,4.534693E-16,6.4331975E-18,2.6084118E-17
13493.942,4.3622567E-16,6.2440262E-18,2.901895E-17
13500.883,4.2820096E-16,6.40713E-18,2.887418E-17
13507.823,4.416901E-16,7.036475E-18,2.960853E-17
13514.764,4.1663388E-16,7.128075E-18,3.4521298E-17
13521.704,4.540413E-16,7.479338E-18,3.745481E-17
13528.645,4.46753E-16,7.746562E-18,3.7143295E-17
13535.585,3.9774812E-16,8.073626E-18,4.25558E-17
13542.525,4.0115883E-16,9.011088E-18,5.367364E-17
13549.466,3.5720772E-16,9.617048E-18,7.155574E-17
13556.406,3.9969235E-16,9.76446E-18,6.200494E-17
13563.347,4.19618E-16,9.195886E-18,5.141133E-17
13570.288,4.203377E-16,9.152223E-18,5.4800868E-17
13577.229,3.6978796E-16,9.729966E-18,6.3798224E-17
13584.169,4.5316723E-16,1.150502E-17,6.811014E-17
13591.109,3.7939254E-16,1.27090875E-17,8.031396E-17
13598.05,4.6242054E-16,1.4076409E-17,8.7005775E-17
13604.99,5.0173917E-16,1.6154027E-17,1.1538172E-16
13611.931,3.610043E-16,1.7044027E-17,1.6463695E-16
13618.871,3.0265546E-16,1.5560722E-17,1.5331042E-16
13625.812,3.91793E-16,1.4858915E-17,1.1523187E-16
13632.752,4.308812E-16,1.3323789E-17,9.0230846E-17
13639.692,3.5727746E-16,1.143149E-17,8.5315984E-17
13646.633,3.3105814E-16,1.2642666E-17,1.0379305E-16
13653.573,4.2136268E-16,1.224432E-17,9.7243426E-17
13660.514,4.652548E-16,1.15299E-17,7.85166E-17
13667.454,4.3540532E-16,1.1991361E-17,8.7628265E-17
13674.3955,3.7593215E-16,1.2793374E-17,1.10033034E-16
13681.336,2.7368884E-16,1.6160571E-17,1.2670852E-16
13688.276,3.6887197E-16,1.4240695E-17,1.1189676E-16
13695.217,4.1082151E-16,1.2273966E-17,8.357095E-17
13702.157,3.5186556E-16,1.20441526E-17,8.1097264E-17
13709.098,3.3598213E-16,1.1894254E-17,9.292473E-17
13716.038,4.1519713E-16,1.2788989E-17,8.8640344E-17
13722.979,4.0470678E-16,1.0785959E-17,7.6248166E-17
13729.919,3.64122E-16,9.630794E-18,6.658339E-17
13736.859,4.0335857E-16,8.653354E-18,4.8986126E-17
13743.8,4.098428E-16,8.882537E-18,4.6138123E-17
13750.74,4.112431E-16,8.41021E-18,4.310029E-17
13757.681,3.5459938E-16,7.869801E-18,4.1929302E-17
13764.621,4.0118932E-16,8.169135E-18,4.7225518E-17
13771.5625,4.4736765E-16,8.724936E-18,4.248919E-17
13778.503,3.9713005E-16,8.053508E-18,4.2027416E-17
13785.443,4.1230125E-16,8.547107E-18,4.342762E-17
13792.384,3.5979522E-16,9.616244E-18,5.1517093E-17
13799.324,3.847148E-16,9.978711E-18,5.5112774E-17
13806.265,4.2025683E-16,1.15416776E-17,7.3055176E-17
13813.205,4.67803E-16,1.61835E-17,9.1945235E-17
13820.1455,4.033471E-16,1.4469753E-17,1.06547527E-16
13827.086,3.5597706E-16,1.413337E-17,1.2981771E-16
13834.026,4.632973E-16,2.0311339E-17,1.3094432E-16
13840.967,3.297998E-16,1.2245296E-17,1.01755563E-16
13847.907,2.9497449E-16,1.0706652E-17,8.573746E-17
13854.848,3.7535254E-16,1.0480364E-17,8.328201E-17
13861.788,4.4278052E-16,1.076728E-17,6.7331245E-17
13868.729,4.0418784E-16,9.995266E-18,5.4505955E-17
13875.67,3.8706253E-16,8.649969E-18,5.091001E-17
13882.61,4.080366E-16,9.066249E-18,4.835634E-17
13889.551,4.161319E-16,7.931577E-18,4.6387978E-17
13896.491,3.832495E-16,7.0854505E-18,3.9548193E-17
13903.432,3.7492818E-16,7.373644E-18,3.7537876E-17
13910.372,4.1010278E-16,7.476885E-18,3.832359E-17
13917.3125,3.614412E-16,7.43624E-18,3.981895E-17
13924.253,3.995089E-16,8.576133E-18,4.836962E-17
13931.193,4.1731018E-16,8.621404E-18,4.473457E-17
13938.134,4.153012E-16,8.4434966E-18,3.6176066E-17
13945.074,3.9330474E-16,9.1125285E-18,4.2110805E-17
13952.015,4.0516034E-16,1.21009195E-17,6.3206664E-17
13958.955,4.3372756E-16,1.2589635E-17,6.52367E-17
13965.8955,4.008085E-16,1.2457531E-17,4.924268E-17
13972.837,3.7307537E-16,8.163358E-18,3.70719E-17
13979.777,4.234917E-16,7.089877E-18,2.9675303E-17
13986.718,4.4310467E-16,7.297533E-18,3.06386E-17
13993.658,4.1585607E-16,8.2168276E-18,4.6018956E-17
14000.599,2.6299973E-16,1.0091492E-17,6.336075E-17
14007.539,3.3667204E-16,1.0782692E-17,9.434885E-17
14014.4795,3.7876208E-16,9.029205E-18,6.810301E-17
14021.42,4.0074963E-16,7.718965E-18,4.818414E-17
14028.36,4.0870306E-16,7.3568575E-18,4.212185E-17
14035.301,3.8341142E-16,7.635837E-18,4.0211625E-17
14042.241,3.7871118E-16,8.268301E-18,4.450505E-17
14049.182,3.80804E-16,8.4636814E-18,4.787557E-17
14056.122,4.1140933E-16,8.319575E-18,4.165022E-17
14063.0625,3.9149082E-16,7.389062E-18,3.7605603E-17
14070.003,3.663099E-16,7.7820995E-18,4.556578E-17
14076.944,4.187469E-16,8.128275E-18,4.896568E-17
14083.885,4.1431304E-16,7.700841E-18,6.075943E-17
14090.825,3.66751E-16,7.925378E-18,7.506713E-17
14097.766,3.7646792E-16,8.4147926E-18,6.13631E-17
14104.706,3.6814368E-16,9.028299E-18,4.8062655E-17
14111.646,3.8370383E-16,6.7994246E-18,4.3976207E-17
14118.587,3.714759E-16,6.44688E-18,4.8756156E-17
14125.527,4.4353596E-16,6.910655E-18,4.4302854E-17
14132.468,4.0296367E-16,6.446989E-18,4.155407E-17
14139.408,3.62217E-16,6.6728846E-18,5.0340985E-17
14146.349,3.9644443E-16,7.757339E-18,6.008095E-17
14153.289,3.7815767E-16,7.0663715E-18,4.584244E-17
14160.2295,3.8589903E-16,6.170884E-18,4.4680224E-17
14167.17,3.556408E-16,6.2317533E-18,3.9387307E-17
14174.11,3.7536082E-16,5.9717014E-18,4.7901394E-17
14181.052,3.9484263E-16,6.5411863E-18,4.9212148E-17
14187.992,3.589137E-16,6.74032E-18,4.939533E-17
14194.933,3.7272928E-16,7.137845E-18,5.2321556E-17
14201.873,3.803768E-16,6.7718394E-18,3.7623033E-17
14208.813,3.8033137E-16,6.0631524E-18,2.8182053E-17
14215.754,3.8038638E-16,5.9626984E-18,2.4491567E-17
14222.694,3.7652748E-16,5.7450043E-18,2.1574717E-17
14229.635,3.7175805E-16,5.957995E-18,2.1870516E-17
14236.575,3.858358E-16,6.024267E-18,2.4280175E-17
14243.516,3.95482E-16,6.0204943E-18,2.537454E-17
14250.456,3.667265E-16,5.536751E-18,2.180461E-17
14257.396,3.7115044E-16,5.5306247E-18,2.0622908E-17
14264.337,3.8098166E-16,5.7671264E-18,2.177211E-17
14271.277,3.8244308E-16,5.694829E-18,2.301358E-17
14278.219,3.5829687E-16,5.697974E-18,2.5711205E-17
14285.159,3.7784612E-16,5.931231E-18,2.5872999E-17
14292.1,3.9804233E-16,6.0074108E-18,2.3617924E-17
14299.04,3.7469127E-16,5.5450623E-18,2.151406E-17
14305.98,3.817913E-16,5.613803E-18,2.010047E-17
14312.921,3.7155106E-16,6.1351717E-18,2.3664327E-17
14319.861,3.7613292E-16,6.477814E-18,3.4331314E-17
14326.802,3.8872817E-16,6.5220284E-18,3.3395207E-17
14333.742,3.5574344E-16,5.898713E-18,3.6232675E-17
14340.683,3.4574077E-16,5.6859006E-18,3.9809612E-17
14347.623,3.625228E-16,5.717622E-18,4.1796076E-17
14354.563,3.7766062E-16,5.681059E-18,4.1120518E-17
14361.504,3.6586622E-16,5.657898E-18,4.1185988E-17
14368.444,3.5843647E-16,5.6692134E-18,3.5925566E-17
14375.385,3.6521644E-16,6.7468718E-18,2.9946297E-17
14382.326,4.0068957E-16,6.270341E-18,2.7879755E-17
14389.267,3.5490654E-16,5.5151473E-18,2.5321074E-17
14396.207,3.710786E-16,5.489873E-18,2.386254E-17
14403.147,3.8415184E-16,5.520909E-18,2.2229569E-17
14410.088,3.6633603E-16,5.4218794E-18,2.0631079E-17
14417.028,3.6995723E-16,5.3986646E-18,2.0103617E-17
14423.969,3.7203664E-16,5.4001436E-18,1.9589963E-17
14430.909,3.7425555E-16,5.3257168E-18,1.7884278E-17
14437.85,3.941296E-16,5.298027E-18,1.7299784E-17
14444.79,3.6766153E-16,5.2393583E-18,1.9123603E-17
14451.73,3.6958996E-16,5.4888794E-18,2.2132688E-17
14458.671,3.4344867E-16,5.4742193E-18,2.2211067E-17
14465.611,3.6038772E-16,5.463315E-18,2.1218921E-17
14472.552,3.4929153E-16,4.859797E-18,1.9947553E-17
14479.493,3.676539E-16,4.9276853E-18,1.7079205E-17
14486.434,3.6625826E-16,4.936636E-18,1.9756555E-17
14493.374,3.7384834E-16,4.8869616E-18,2.8872177E-17
14500.314,3.6256655E-16,5.2784484E-18,4.8432308E-17
14507.255,3.6031238E-16,5.7191855E-18,6.987857E-17
14514.195,3.8887876E-16,5.4793755E-18,6.812384E-17
14521.136,3.5171288E-16,5.3889783E-18,5.4971585E-17
14528.076,3.8421682E-16,4.8852724E-18,4.150851E-17
14535.017,3.740211E-16,5.0727186E-18,3.3353127E-17
14541.957,3.6703494E-16,4.6531507E-18,2.8070192E-17
14548.897,3.7655948E-16,4.723023E-18,2.6125866E-17
14555.838,3.948334E-16,5.120263E-18,3.0860835E-17
14562.778,3.743534E-16,4.6963043E-18,2.7850748E-17
14569.719,3.7833928E-16,4.6920327E-18,2.3550656E-17
14576.659,3.811528E-16,4.5895074E-18,2.7045347E-17
14583.601,3.8823808E-16,4.656993E-18,3.451494E-17
14590.541,3.7673622E-16,4.534556E-18,4.0075564E-17
14597.481,3.6054495E-16,4.7793656E-18,4.3028245E-17
14604.422,3.8536365E-16,4.8032744E-18,4.2796647E-17
14611.362,3.7763672E-16,4.7228928E-18,3.5632135E-17
14618.303,3.7890796E-16,4.739738E-18,3.044315E-17
14625.243,3.7465318E-16,4.955161E-18,2.4907429E-17
14632.184,3.8278658E-16,4.731577E-18,1.8711184E-17
14639.124,3.699752E-16,4.83299E-18,2.0852712E-17
14646.064,3.618658E-16,4.661716E-18,2.1729368E-17
14653.005,3.674381E-16,4.855963E-18,2.2502145E-17
14659.945,3.633851E-16,4.9785987E-18,2.6812093E-17
14666.886,3.7434153E-16,5.0137845E-18,2.6652997E-17
14673.826,3.5712825E-16,4.92102E-18,2.8907663E-17
14680.767,3.6144206E-16,4.9422362E-18,3.3620104E-17
14687.708,3.7906053E-16,4.877956E-18,3.53944E-17
14694.648,3.733545E-16,5.0057153E-18,3.7669818E-17
14701.589,3.7859056E-16,5.1955462E-18,3.739777E-17
14708.529,3.7049811E-16,5.2108714E-18,3.1368747E-17
14715.47,3.7328776E-16,5.548604E-18,3.0486506E-17
14722.41,3.8137857E-16,5.132629E-18,2.6141488E-17
14729.351,3.5558965E-16,4.9069504E-18,2.3551022E-17
14736.291,3.554149E-16,4.754469E-18,2.1046355E-17
14743.231,3.6786239E-16,4.605802E-18,2.1453225E-17
14750.172,3.5850172E-16,4.5147667E-18,2.1721865E-17
14757.112,3.6554612E-16,4.6518106E-18,2.5994437E-17
14764.053,3.7367417E-16,4.787066E-18,2.6771692E-17
14770.993,3.5700385E-16,4.8882875E-18,3.2778666E-17
14777.934,3.544236E-16,5.066881E-18,3.5803993E-17
14784.875,3.727328E-16,4.7589247E-18,3.2656657E-17
14791.815,3.5073813E-16,4.618965E-18,3.5772183E-17
14798.756,3.4344208E-16,4.714064E-18,3.6984996E-17
14805.696,3.5608159E-16,4.7665356E-18,3.6856074E-17
14812.637,3.6321853E-16,4.7432906E-18,3.7732843E-17
14819.577,3.6189104E-16,4.851027E-18,3.7876766E-17
14826.518,3.6277458E-16,4.6091964E-18,3.828537E-17
14833.458,3.7079545E-16,4.5366005E-18,3.2264673E-17
14840.398,3.453061E-16,4.3708538E-18,3.2883477E-17
14847.339,3.4350868E-16,4.4238773E-18,2.908769E-17
14854.279,3.3955317E-16,4.555492E-18,2.8621548E-17
14861.22,3.5406464E-16,4.6563833E-18,3.1246728E-17
14868.16,3.563353E-16,4.6191676E-18,3.8754404E-17
14875.101,3.6004096E-16,4.5514013E-18,4.2619055E-17
14882.041,3.625731E-16,4.4438107E-18,4.4647302E-17
14888.982,3.5492843E-16,4.4381396E-18,4.200568E-17
14895.923,3.4776137E-16,4.363596E-18,3.6328843E-17
14902.863,3.5860924E-16,4.3966684E-18,2.8979816E-17
14909.804,3.5852713E-16,4.3307393E-18,2.864951E-17
14916.744,3.4604856E-16,4.4338535E-18,2.6444206E-17
14923.685,3.592293E-16,4.4685848E-18,2.1598963E-17
14930.625,3.533434E-16,4.2173895E-18,2.1360232E-17
14937.565,3.5572104E-16,4.236334E-18,2.1484114E-17
14944.506,3.4802183E-16,4.1494E-18,2.05569E-17
14951.446,3.5737329E-16,4.241325E-18,1.9380916E-17
14958.387,3.5281424E-16,4.356182E-18,1.6081991E-17
14965.327,3.5745198E-16,4.36755E-18,1.4995578E-17
14972.268,3.4951367E-16,4.1630114E-18,1.5182217E-17
14979.208,3.5340838E-16,4.1901123E-18,1.4410563E-17
14986.148,3.647883E-16,4.1893493E-18,1.4996283E-17
14993.09,3.603323E-16,4.3430034E-18,1.5082527E-17
15000.03,3.5844155E-16,4.160792E-18,1.6894747E-17
15006.971,3.4581184E-16,4.17531E-18,1.6008962E-17
15013.911,3.539713E-16,4.085399E-18,1.7404699E-17
15020.852,3.5200638E-16,4.1214634E-18,1.6734163E-17
15027.792,3.7025703E-16,4.311928E-18,3.216371E-17
15034.732,3.7328538E-16,4.3540165E-18,6.273106E-17
15041.673,3.7295006E-16,4.4824152E-18,8.340427E-17
15048.613,3.8766713E-16,4.511849E-18,1.03413875E-16
15055.554,4.0129276E-16,4.3156085E-18,1.07512476E-16
15062.494,3.716667E-16,4.432738E-18,9.303866E-17
15069.435,3.545053E-16,4.1972993E-18,7.407689E-17
15076.375,3.542351E-16,4.049864E-18,5.683274E-17
15083.315,3.440119E-16,4.0797722E-18,3.9637363E-17
15090.257,3.681615E-16,4.1784297E-18,2.7175155E-17
15097.197,3.7005975E-16,4.1570756E-18,2.2044686E-17
15104.138,3.5554264E-16,4.1110417E-18,1.8021946E-17
15111.078,3.6458416E-16,4.190723E-18,1.6163599E-17
15118.019,3.6071075E-16,4.0808095E-18,1.5756916E-17
15124.959,3.5339768E-16,4.0768713E-18,1.4031326E-17
15131.899,3.5024436E-16,4.020783E-18,1.4636913E-17
15138.84,3.4952105E-16,4.0345627E-18,1.4827674E-17
15145.78,3.5702198E-16,4.0382436E-18,1.5177525E-17
15152.721,3.5140618E-16,4.0276843E-18,1.5165882E-17
15159.661,3.5126464E-16,4.0402524E-18,1.678947E-17
15166.602,3.585866E-16,4.0617517E-18,2.1520875E-17
15173.542,3.543584E-16,4.098363E-18,2.4373342E-17
15180.482,3.4888369E-16,4.0325162E-18,2.7347766E-17
15187.423,3.478958E-16,4.0419837E-18,2.5996521E-17
15194.364,3.4812493E-16,4.0149453E-18,2.2976829E-17
15201.305,3.49502E-16,3.9863256E-18,2.0601838E-17
15208.245,3.5609255E-16,4.0322015E-18,1.9126232E-17
15215.186,3.5853541E-16,4.064517E-18,2.6033791E-17
15222.126,3.6232112E-16,4.0965524E-18,4.2869443E-17
15229.066,3.4771396E-16,4.031174E-18,5.3820844E-17
15236.007,3.4255002E-16,3.9786097E-18,5.680084E-17
15242.947,3.465474E-16,4.2287566E-18,5.0788536E-17
15249.888,3.4511992E-16,4.0448967E-18,4.2475956E-17
15256.828,3.2843014E-16,4.0833684E-18,3.8190396E-17
15263.769,3.4510137E-16,3.9876955E-18,2.8295817E-17
15270.709,3.4145084E-16,4.0373064E-18,2.7902913E-17
15277.649,3.3650692E-16,3.983588E-18,2.924769E-17
15284.59,3.3507742E-16,4.0113206E-18,3.1225205E-17
15291.531,3.5083647E-16,4.07143E-18,2.656796E-17
15298.472,3.4725016E-16,4.0033867E-18,2.4820034E-17
15305.412,3.526343E-16,4.1115393E-18,2.863279E-17
15312.353,3.5494476E-16,4.1474654E-18,4.4569735E-17
15319.293,3.574943E-16,4.153733E-18,5.5010482E-17
15326.233,3.604502E-16,4.082383E-18,6.1474376E-17
15333.174,3.519593E-16,4.050935E-18,5.7340484E-17
15340.114,3.3816022E-16,3.994166E-18,4.8255384E-17
15347.055,3.399852E-16,3.941666E-18,3.8194767E-17
15353.995,3.4912255E-16,4.04893E-18,2.7345307E-17
15360.936,3.3146294E-16,4.0936044E-18,2.1148686E-17
15367.876,3.0120957E-16,4.6620383E-18,1.9082393E-17
15374.816,3.33052E-16,3.8888825E-18,2.0595699E-17
15381.757,3.3220074E-16,3.879728E-18,2.3696025E-17
15388.697,3.39955E-16,4.234591E-18,2.4870801E-17
15395.639,3.436787E-16,3.989377E-18,2.5576547E-17
15402.579,3.3137623E-16,3.9691435E-18,2.7240743E-17
15409.52,3.2892772E-16,3.973708E-18,3.3067948E-17
15416.46,3.3397477E-16,3.954624E-18,4.1683127E-17
15423.4,3.5817707E-16,4.1734447E-18,4.3382123E-17
15430.341,3.4742872E-16,4.63574E-18,4.1759217E-17
15437.281,3.2740812E-16,3.9999253E-18,3.8972945E-17
15444.222,3.48119E-16,4.1030905E-18,2.9986793E-17
15451.162,3.5118338E-16,4.0366683E-18,2.4546788E-17
15458.103,3.3067669E-16,3.924096E-18,1.8733407E-17
15465.043,3.3989108E-16,3.9598484E-18,1.683898E-17
15471.983,3.3955044E-16,4.027369E-18,1.5841925E-17
15478.924,3.353181E-16,3.9850063E-18,1.6725473E-17
15485.864,3.3579028E-16,3.93756E-18,1.7507417E-17
15492.805,3.2072588E-16,3.855191E-18,2.1862748E-17
15499.746,3.283749E-16,3.879146E-18,2.4093222E-17
15506.687,3.1860096E-16,3.980716E-18,2.4041095E-17
15513.627,3.2782001E-16,3.921378E-18,2.5895051E-17
15520.567,3.4586084E-16,3.983144E-18,3.132048E-17
15527.508,3.3961145E-16,3.9320895E-18,3.6531466E-17
15534.448,3.375859E-16,3.9158288E-18,3.7218644E-17
15541.389,3.4619984E-16,3.9740027E-18,3.6333965E-17
15548.329,3.4535418E-16,4.0113367E-18,3.2453578E-17
15555.27,3.4905855E-16,4.056448E-18,2.9197818E-17
15562.21,3.3160485E-16,3.9319935E-18,2.5327327E-17
15569.15,3.4303638E-16,4.0495537E-18,2.5178966E-17
15576.091,3.4669315E-16,3.9878034E-18,2.7351284E-17
15583.031,3.381604E-16,4.004486E-18,2.807334E-17
15589.972,3.3111092E-16,3.9911138E-18,3.198242E-17
15596.913,3.2946554E-16,3.995113E-18,2.9663713E-17
15603.854,3.3159913E-16,4.0550242E-18,2.86405E-17
15610.794,3.449183E-16,4.100609E-18,2.860923E-17
15617.734,3.3728675E-16,4.0843184E-18,3.3130288E-17
15624.675,3.3442957E-16,3.9834934E-18,3.3425707E-17
15631.615,3.2564473E-16,3.9681045E-18,3.5032538E-17
15638.556,3.2279682E-16,3.9136678E-18,4.1073574E-17
15645.496,3.3644257E-16,3.956133E-18,4.229622E-17
15652.437,3.2656336E-16,3.92547E-18,3.805405E-17
15659.377,3.1449386E-16,4.0571666E-18,3.5217443E-17
15666.317,3.2243948E-16,4.1258925E-18,3.123111E-17
15673.258,3.4383984E-16,4.105019E-18,2.4331159E-17
15680.198,3.2501657E-16,3.9832345E-18,1.9841654E-17
15687.139,3.3677466E-16,4.118215E-18,1.971576E-17
15694.079,3.3319174E-16,4.0853905E-18,2.161618E-17
15701.0205,3.3119385E-16,4.17175E-18,2.0169977E-17
15707.961,3.305087E-16,4.221957E-18,1.8185852E-17
15714.901,3.3062925E-16,4.1355544E-18,1.7041466E-17
15721.842,3.3501522E-16,4.234856E-18,1.6180301E-17
15728.782,3.35074E-16,4.1623588E-18,1.6704527E-17
15735.723,3.4237802E-16,4.2066882E-18,1.7776087E-17
15742.663,3.447663E-16,4.254385E-18,1.5245144E-17
15749.604,3.3650697E-16,4.1136813E-18,1.446765E-17
15756.544,3.4361083E-16,4.172936E-18,1.7302868E-17
15763.484,3.3817669E-16,4.1560263E-18,1.6145778E-17
15770.425,3.3191603E-16,4.1277462E-18,1.5806968E-17
15777.365,3.2574526E-16,4.206306E-18,1.6822637E-17
15784.306,3.2130421E-16,4.0186825E-18,1.745368E-17
15791.246,3.2026917E-16,4.005457E-18,1.9239318E-17
15798.1875,3.137722E-16,4.0007815E-18,2.173837E-17
15805.128,3.0138324E-16,3.8721855E-18,3.6551798E-17
15812.068,3.1820016E-16,4.2183858E-18,5.870847E-17
15819.009,3.327174E-16,4.4821485E-18,7.4447704E-17
15825.949,3.0136196E-16,5.0244477E-18,9.1947246E-17
15832.89,3.2438887E-16,4.242325E-18,8.647571E-17
15839.83,3.1653457E-16,4.0653206E-18,8.458151E-17
15846.7705,3.1369818E-16,4.0231716E-18,8.1622556E-17
15853.711,3.15767E-16,3.970396E-18,6.367488E-17
15860.651,3.212055E-16,4.1352186E-18,4.0245616E-17
15867.592,3.284357E-16,4.001027E-18,3.109639E-17
15874.532,3.1052217E-16,3.8428053E-18,2.5308888E-17
15881.473,3.2263707E-16,3.9430513E-18,2.1049756E-17
15888.413,3.3933757E-16,4.399225E-18,1.8578283E-17
15895.354,3.2513992E-16,4.014157E-18,1.7382484E-17
15902.295,3.2522918E-16,3.957649E-18,1.4878913E-17
15909.235,3.2766593E-16,3.962048E-18,1.4321004E-17
15916.176,3.186442E-16,3.8518327E-18,1.466181E-17
15923.116,3.2075258E-16,3.854002E-18,1.3464408E-17
15930.057,3.269495E-16,3.9268596E-18,1.37125916E-17
15936.997,3.1863617E-16,3.8967565E-18,1.4125785E-17
15943.9375,3.272343E-16,3.9859232E-18,1.4927516E-17
15950.878,3.2844886E-16,3.978517E-18,2.0244514E-17
15957.818,3.3024065E-16,3.9692485E-18,2.5792769E-17
15964.759,3.2497208E-16,3.923103E-18,2.5393363E-17
15971.699,3.1342424E-16,4.066363E-18,2.4407842E-17
15978.64,3.2493574E-16,4.2167194E-18,2.3476228E-17
15985.58,3.2651625E-16,4.187489E-18,1.9989807E-17
15992.5205,3.297629E-16,4.000336E-18,1.8623186E-17
15999.461,3.183724E-16,3.9319906E-18,2.0783482E-17
16006.402,3.1396822E-16,4.043208E-18,3.4394044E-17
16013.343,3.1283206E-16,4.0935353E-18,5.1692015E-17
16020.283,3.169453E-16,4.4083867E-18,5.8978295E-17
16027.224,3.168243E-16,4.0569363E-18,6.4306927E-17
16034.164,3.1676695E-16,4.3021713E-18,5.5453397E-17
16041.1045,2.984025E-16,4.049435E-18,4.289975E-17
16048.045,3.2019367E-16,4.064422E-18,3.7423467E-17
16054.985,3.0077245E-16,3.9049733E-18,3.0574544E-17
16061.926,3.0211008E-16,3.9070553E-18,2.9525094E-17
16068.866,2.9411107E-16,3.836745E-18,3.081112E-17
16075.807,3.1310234E-16,4.0216702E-18,2.9342412E-17
16082.747,3.107519E-16,4.7274063E-18,2.5960657E-17
16089.6875,3.2130366E-16,3.986436E-18,2.5403428E-17
16096.628,3.0880323E-16,3.9059713E-18,2.7696505E-17
16103.569,3.0259146E-16,3.9332943E-18,3.9000467E-17
16110.51,3.1395356E-16,3.9740515E-18,5.4845274E-17
16117.45,3.0849906E-16,4.0372787E-18,5.697239E-17
16124.391,3.0977459E-16,4.0587747E-18,5.562209E-17
16131.331,3.150724E-16,3.9641444E-18,4.6356733E-17
16138.271,3.1763736E-16,4.0289023E-18,4.001706E-17
16145.212,3.1763677E-16,3.9409432E-18,3.5736105E-17
16152.152,3.0374464E-16,3.8261326E-18,2.546616E-17
16159.093,3.0868406E-16,3.8811885E-18,1.7929663E-17
16166.033,3.03969E-16,3.8185296E-18,1.8310856E-17
16172.974,3.1149253E-16,3.8742174E-18,1.9662689E-17
16179.914,3.078606E-16,3.9262173E-18,2.3255357E-17
16186.8545,3.1377944E-16,3.9055374E-18,2.8182973E-17
16193.795,3.117444E-16,4.0127412E-18,2.6701974E-17
16200.735,3.1808745E-16,3.899014E-18,2.428508E-17
16207.677,3.144102E-16,4.0317846E-18,2.941996E-17
16214.617,3.1072123E-16,3.843939E-18,4.2769562E-17
16221.558,3.0745848E-16,3.869207E-18,4.165024E-17
16228.498,3.158514E-16,3.85337E-18,4.505358E-17
16235.438,3.2103176E-16,3.933342E-18,4.3637943E-17
16242.379,3.21219E-16,4.0265572E-18,3.7190437E-17
16249.319,3.1357377E-16,3.959588E-18,3.1520088E-17
16256.26,3.0576923E-16,3.8751158E-18,2.2605703E-17
16263.2,2.9747845E-16,3.7702855E-18,1.6594196E-17
16270.141,3.008259E-16,3.8234116E-18,1.4833188E-17
16277.081,3.0253566E-16,3.846848E-18,1.6715864E-17
16284.021,3.034325E-16,3.8185403E-18,1.6847265E-17
16290.962,3.0476346E-16,3.8801248E-18,1.6132004E-17
16297.902,2.9038523E-16,3.7954624E-18,1.902041E-17
16304.843,2.7593027E-16,3.8797786E-18,1.968244E-17
16311.784,3.0006076E-16,3.835199E-18,1.9571738E-17
16318.725,3.007723E-16,3.8441544E-18,2.3791003E-17
16325.665,2.957297E-16,3.9016418E-18,2.6983723E-17
16332.605,2.8050976E-16,3.719636E-18,3.0566554E-17
16339.546,2.7974303E-16,3.9334692E-18,3.4251455E-17
16346.486,2.9268406E-16,3.8188786E-18,2.950924E-17
16353.427,2.87164E-16,3.7980982E-18,2.6246236E-17
16360.367,2.8834484E-16,3.7524556E-18,2.850882E-17
16367.308,2.8660048E-16,3.7443112E-18,2.828749E-17
16374.248,2.7930517E-16,3.8247115E-18,2.4960003E-17
16381.188,2.984069E-16,3.793628E-18,2.2032602E-17
16388.129,2.8781838E-16,3.781717E-18,2.4444117E-17
16395.07,2.8801463E-16,3.7780957E-18,2.3293039E-17
16402.01,2.9423323E-16,3.891269E-18,2.207701E-17
16408.951,3.1114517E-16,4.3843062E-18,2.2511535E-17
16415.89,2.9249977E-16,3.8250238E-18,2.5937527E-17
16422.832,3.0193059E-16,4.0603513E-18,2.782278E-17
16429.771,2.8556964E-16,3.8064197E-18,2.9535304E-17
16436.713,2.9300513E-16,3.7780527E-18,3.3272685E-17
16443.652,2.9537905E-16,3.78165E-18,3.145795E-17
16450.594,2.975576E-16,3.8097974E-18,2.910625E-17
